HEX1	glc_D	0.008
PGI	g6p	0.410573327
PFK	f6p	0.098061585
FBA	fdp	1.515192135
GAPD	g3p	0.140717121
PGK	13dpg	0.002241538
PGM	3pg	0.375295417
ENO	2pg	0.009485293
PYK	pep	0.032842744
